{
    "names": [
        0,
        1,
        2,
        5,
        10,
        25,
        100,
        250,
        500,
        1000,
        2000
    ],
    "rgba_values": [
        [
            0.0,
            0.0,
            0.0,
            1.0
        ],
        [
            0.5202411764705882,
            0.0,
            0.5869215686274509,
            1.0
        ],
        [
            0.0941117647058824,
            0.0,
            0.6549294117647059,
            1.0
        ],
        [
            0.0,
            0.3294352941176471,
            0.8667,
            1.0
        ],
        [
            0.0,
            0.6183098039215686,
            0.8117980392156863,
            1.0
        ],
        [
            0.0,
            0.6300803921568627,
            0.24050784313725487,
            1.0
        ],
        [
            0.11502745098039215,
            1.0,
            0.0,
            1.0
        ],
        [
            0.972535294117647,
            0.8548882352941177,
            0.0,
            1.0
        ],
        [
            1.0,
            0.36470588235294116,
            0.0,
            1.0
        ],
        [
            0.853621568627451,
            0.0,
            0.0,
            1.0
        ],
        [
            0.8,
            0.8,
            0.8,
            1.0
        ]
    ]
}